factor,coefficient,t_stat,p_value
Alpha (annualised),0.15842448905835452,2.4062280369653344,0.016118200116544277
MKT_RF,-0.042234278524612895,-1.0637078599481848,0.2874610627057308
SMB,-0.3444916992839509,-6.424823542512642,1.320225740004922e-10
HML,-0.05099029849294477,-0.6920245177456023,0.4889219321036854
MOM,1.0679320922812179,21.567268350838745,3.6459827034266745e-103
R-squared,0.2997037687144579,,
